Year,In-School,In-school Recipients,Grace,Grace Recipients,Repayment,Repayment Recipients,Deferment,Deferment Recipients,Forbearance,Forbearance Recipients,Cumulative in Default,Cumulative in Default Recipients,Other,Other Recipients
2013,286.70000000000005,16.700000000000003,88.0,4.1,473.8,21.4,157.39999999999998,6.6,102.0,3.7,64.3,4.300000000000001,6.1,0.2
2014,596.9,33.3,148.5,7.0,1150.6,47.6,352.5,13.9,291.3,9.9,149.3,10.2,18.6,0.8
2015,584.7,31.799999999999997,148.0,6.699999999999999,1509.4,55.8,377.09999999999997,13.500000000000002,349.6,10.5,185.89999999999998,12.400000000000002,20.4,0.8
2016,562.9,30.5,147.2,6.5,1827.6999999999998,61.7,402.7,13.6,400.1,10.799999999999999,245.7,15.200000000000001,25.9,0.8
2017,541.9,29.1,143.3,6.300000000000001,2159.4,67.0,432.69999999999993,13.9,420.5,10.700000000000001,309.5,17.5,29.9,0.8
2018,531.3,28.4,134.3,5.8,2457.9,71.5,465.5,14.2,436.20000000000005,10.4,379.70000000000005,19.700000000000003,32.3,0.8
2019,130.1,7.2,24.7,1.2,665.2,18.6,110.4,3.4,118.7,2.7,105.8,5.2,8.4,0.2
