Year,In-School,In-School Recipients     ,Grace,Grace Recipients,Repayment,Repayment Recipients,Deferment,Deferment Recipients,Forbearance,Forbearance Recipients,Cumulative in Default,Cumulative in Default Recipients,Other,Other Recipients
2013,22.5,1.7000000000000002,13.3,1.0,509.6,25.6,92.7,4.6,83.69999999999999,3.2,118.5,8.8,12.2,0.5
2014,27.299999999999997,2.0999999999999996,11.500000000000002,0.8,977.3,49.1,161.8,8.3,175.7,6.9,246.1,17.6,24.5,0.8
2015,13.4,1.0,5.3999999999999995,0.4,924.1999999999999,46.099999999999994,122.8,6.300000000000001,158.5,6.3,254.5,17.3,22.4,0.8
2016,6.8,0.5,2.7,0.1,865.9000000000001,42.8,92.1,4.800000000000001,135.1,5.4,261.2,17.0,21.3,0.8
2017,3.7,0.4,1.4,0.0,794.4,38.900000000000006,70.19999999999999,3.7,116.80000000000001,4.6,260.8,16.4,19.900000000000002,0.8
2018,2.3,0.0,0.8,0.0,728.4000000000001,34.8,57.0,3.0,98.39999999999999,3.8,263.4,15.8,16.7,0.8
2019,0.4,0.0,0.1,0.0,170.3,8.1,12.5,0.6,23.5,0.9,66.5,3.9,3.6,0.1
